n_particles=100,n_poi=33,nsteps=31275,init_infect=0.100000,going_out=0.500000,prob_infection=0.300000
ITERATIONS,N_INFECTED
0,8
5,15
10,34
15,68
20,88
25,96
30,98
35,100
40,100
45,100
50,100
55,100
60,100
65,100
70,100
75,100
80,100
85,100
90,100
95,100
100,100
105,100
110,100
115,100
120,100
125,100
130,100
135,100
140,100
145,100
150,100
155,100
160,100
165,100
170,100
175,100
180,100
185,100
190,100
195,100
200,100
205,100
210,100
215,100
220,100
225,100
230,100
235,100
240,100
245,100
250,100
255,100
260,100
265,100
270,100
275,100
280,100
285,100
290,100
295,100
300,100
305,100
310,100
315,100
320,100
325,100
330,100
335,100
340,100
345,100
350,100
355,100
360,100
365,100
370,100
375,100
380,100
385,100
390,100
395,100
400,100
405,100
410,100
415,100
420,100
425,100
430,100
435,100
440,100
445,100
450,100
455,100
460,100
465,100
470,100
475,100
480,100
485,100
490,100
495,100
500,100
505,100
510,100
515,100
520,100
525,100
530,100
535,100
540,100
545,100
550,100
555,100
560,100
565,100
570,100
575,100
580,100
585,100
590,100
595,100
600,100
605,100
610,100
615,100
620,100
625,100
630,100
635,100
640,100
645,100
650,100
655,100
660,100
665,100
670,100
675,100
680,100
685,100
690,100
695,100
700,100
705,100
710,100
715,100
720,100
725,100
730,100
735,100
740,100
745,100
750,100
755,100
760,100
765,100
770,100
775,100
780,100
785,100
790,100
795,100
800,100
805,100
810,100
815,100
820,100
825,100
830,100
835,100
840,100
845,100
850,100
855,100
860,100
865,100
870,100
875,100
880,100
885,100
890,100
895,100
900,100
905,100
910,100
915,100
920,100
925,100
930,100
935,100
940,100
945,100
950,100
955,100
960,100
965,100
970,100
975,100
980,100
985,100
990,100
995,100
1000,100
1005,100
1010,100
1015,100
1020,100
1025,100
1030,100
1035,100
1040,100
1045,100
1050,100
1055,100
1060,100
1065,100
1070,100
1075,100
1080,100
1085,100
1090,100
1095,100
1100,100
1105,100
1110,100
1115,100
1120,100
1125,100
1130,100
1135,100
1140,100
1145,100
1150,100
1155,100
1160,100
1165,100
1170,100
1175,100
1180,100
1185,100
1190,100
1195,100
1200,100
1205,100
1210,100
1215,100
1220,100
1225,100
1230,100
1235,100
1240,100
1245,100
1250,100
1255,100
1260,100
1265,100
1270,100
1275,100
1280,100
1285,100
1290,100
1295,100
1300,100
1305,100
1310,100
1315,100
1320,100
1325,100
1330,100
1335,100
1340,100
1345,100
1350,100
1355,100
1360,100
1365,100
1370,100
1375,100
1380,100
1385,100
1390,100
1395,100
1400,100
1405,100
1410,100
1415,100
1420,100
1425,100
1430,100
1435,100
1440,100
1445,100
1450,100
1455,100
1460,100
1465,100
1470,100
1475,100
1480,100
1485,100
1490,100
1495,100
1500,100
1505,100
1510,100
1515,100
1520,100
1525,100
1530,100
1535,100
1540,100
1545,100
1550,100
1555,100
1560,100
1565,100
1570,100
1575,100
1580,100
1585,100
1590,100
1595,100
1600,100
1605,100
1610,100
1615,100
1620,100
1625,100
1630,100
1635,100
1640,100
1645,100
1650,100
1655,100
1660,100
1665,100
1670,100
1675,100
1680,100
1685,100
1690,100
1695,100
1700,100
1705,100
1710,100
1715,100
1720,100
1725,100
1730,100
1735,100
1740,100
1745,100
1750,100
1755,100
1760,100
1765,100
1770,100
1775,100
1780,100
1785,100
1790,100
1795,100
1800,100
1805,100
1810,100
1815,100
1820,100
1825,100
1830,100
1835,100
1840,100
1845,100
1850,100
1855,100
1860,100
1865,100
1870,100
1875,100
1880,100
1885,100
1890,100
1895,100
1900,100
1905,100
1910,100
1915,100
1920,100
1925,100
1930,100
1935,100
1940,100
1945,100
1950,100
1955,100
1960,100
1965,100
1970,100
1975,100
1980,100
1985,100
1990,100
1995,100
2000,100
2005,100
2010,100
2015,100
2020,100
2025,100
2030,100
2035,100
2040,100
2045,100
2050,100
2055,100
2060,100
2065,100
2070,100
2075,100
2080,100
2085,100
2090,100
2095,100
2100,100
2105,100
2110,100
2115,100
2120,100
2125,100
2130,100
2135,100
2140,100
2145,100
2150,100
2155,100
2160,100
2165,100
2170,100
2175,100
2180,100
2185,100
2190,100
2195,100
2200,100
2205,100
2210,100
2215,100
2220,100
2225,100
2230,100
2235,100
2240,100
2245,100
2250,100
2255,100
2260,100
2265,100
2270,100
2275,100
2280,100
2285,100
2290,100
2295,100
2300,100
2305,100
2310,100
2315,100
2320,100
2325,100
2330,100
2335,100
2340,100
2345,100
2350,100
2355,100
2360,100
2365,100
2370,100
2375,100
2380,100
2385,100
2390,100
2395,100
2400,100
2405,100
2410,100
2415,100
2420,100
2425,100
2430,100
2435,100
2440,100
2445,100
2450,100
2455,100
2460,100
2465,100
2470,100
2475,100
2480,100
2485,100
2490,100
2495,100
2500,100
2505,100
2510,100
2515,100
2520,100
2525,100
2530,100
2535,100
2540,100
2545,100
2550,100
2555,100
2560,100
2565,100
2570,100
2575,100
2580,100
2585,100
2590,100
2595,100
2600,100
2605,100
2610,100
2615,100
2620,100
2625,100
2630,100
2635,100
2640,100
2645,100
2650,100
2655,100
2660,100
2665,100
2670,100
2675,100
2680,100
2685,100
2690,100
2695,100
2700,100
2705,100
2710,100
2715,100
2720,100
2725,100
2730,100
2735,100
2740,100
2745,100
2750,100
2755,100
2760,100
2765,100
2770,100
2775,100
2780,100
2785,100
2790,100
2795,100
2800,100
2805,100
2810,100
2815,100
2820,100
2825,100
2830,100
2835,100
2840,100
2845,100
2850,100
2855,100
2860,100
2865,100
2870,100
2875,100
2880,100
2885,100
2890,100
2895,100
2900,100
2905,100
2910,100
2915,100
2920,100
2925,100
2930,100
2935,100
2940,100
2945,100
2950,100
2955,100
2960,100
2965,100
2970,100
2975,100
2980,100
2985,100
2990,100
2995,100
3000,100
3005,100
3010,100
3015,100
3020,100
3025,100
3030,100
3035,100
3040,100
3045,100
3050,100
3055,100
3060,100
3065,100
3070,100
3075,100
3080,100
3085,100
3090,100
3095,100
3100,100
3105,100
3110,100
3115,100
3120,100
3125,100
3130,100
3135,100
3140,100
3145,100
3150,100
3155,100
3160,100
3165,100
3170,100
3175,100
3180,100
3185,100
3190,100
3195,100
3200,100
3205,100
3210,100
3215,100
3220,100
3225,100
3230,100
3235,100
3240,100
3245,100
3250,100
3255,100
3260,100
3265,100
3270,100
3275,100
3280,100
3285,100
3290,100
3295,100
3300,100
3305,100
3310,100
3315,100
3320,100
3325,100
3330,100
3335,100
3340,100
3345,100
3350,100
3355,100
3360,100
3365,100
3370,100
3375,100
3380,100
3385,100
3390,100
3395,100
3400,100
3405,100
3410,100
3415,100
3420,100
3425,100
3430,100
3435,100
3440,100
3445,100
3450,100
3455,100
3460,100
3465,100
3470,100
3475,100
3480,100
3485,100
3490,100
3495,100
3500,100
3505,100
3510,100
3515,100
3520,100
3525,100
3530,100
3535,100
3540,100
3545,100
3550,100
3555,100
3560,100
3565,100
3570,100
3575,100
3580,100
3585,100
3590,100
3595,100
3600,100
3605,100
3610,100
3615,100
3620,100
3625,100
3630,100
3635,100
3640,100
3645,100
3650,100
3655,100
3660,100
3665,100
3670,100
3675,100
3680,100
3685,100
3690,100
3695,100
3700,100
3705,100
3710,100
3715,100
3720,100
3725,100
3730,100
3735,100
3740,100
3745,100
3750,100
3755,100
3760,100
3765,100
3770,100
3775,100
3780,100
3785,100
3790,100
3795,100
3800,100
3805,100
3810,100
3815,100
3820,100
3825,100
3830,100
3835,100
3840,100
3845,100
3850,100
3855,100
3860,100
3865,100
3870,100
3875,100
3880,100
3885,100
3890,100
3895,100
3900,100
3905,100
3910,100
3915,100
3920,100
3925,100
3930,100
3935,100
3940,100
3945,100
3950,100
3955,100
3960,100
3965,100
3970,100
3975,100
3980,100
3985,100
3990,100
3995,100
4000,100
4005,100
4010,100
4015,100
4020,100
4025,100
4030,100
4035,100
4040,100
4045,100
4050,100
4055,100
4060,100
4065,100
4070,100
4075,100
4080,100
4085,100
4090,100
4095,100
4100,100
4105,100
4110,100
4115,100
4120,100
4125,100
4130,100
4135,100
4140,100
4145,100
4150,100
4155,100
4160,100
4165,100
4170,100
4175,100
4180,100
4185,100
4190,100
4195,100
4200,100
4205,100
4210,100
4215,100
4220,100
4225,100
4230,100
4235,100
4240,100
4245,100
4250,100
4255,100
4260,100
4265,100
4270,100
4275,100
4280,100
4285,100
4290,100
4295,100
4300,100
4305,100
4310,100
4315,100
4320,100
4325,100
4330,100
4335,100
4340,100
4345,100
4350,100
4355,100
4360,100
4365,100
4370,100
4375,100
4380,100
4385,100
4390,100
4395,100
4400,100
4405,100
4410,100
4415,100
4420,100
4425,100
4430,100
4435,100
4440,100
4445,100
4450,100
4455,100
4460,100
4465,100
4470,100
4475,100
4480,100
4485,100
4490,100
4495,100
4500,100
4505,100
4510,100
4515,100
4520,100
4525,100
4530,100
4535,100
4540,100
4545,100
4550,100
4555,100
4560,100
4565,100
4570,100
4575,100
4580,100
4585,100
4590,100
4595,100
4600,100
4605,100
4610,100
4615,100
4620,100
4625,100
4630,100
4635,100
4640,100
4645,100
4650,100
4655,100
4660,100
4665,100
4670,100
4675,100
4680,100
4685,100
4690,100
4695,100
4700,100
4705,100
4710,100
4715,100
4720,100
4725,100
4730,100
4735,100
4740,100
4745,100
4750,100
4755,100
4760,100
4765,100
4770,100
4775,100
4780,100
4785,100
4790,100
4795,100
4800,100
4805,100
4810,100
4815,100
4820,100
4825,100
4830,100
4835,100
4840,100
4845,100
4850,100
4855,100
4860,100
4865,100
4870,100
4875,100
4880,100
4885,100
4890,100
4895,100
4900,100
4905,100
4910,100
4915,100
4920,100
4925,100
4930,100
4935,100
4940,100
4945,100
4950,100
4955,100
4960,100
4965,100
4970,100
4975,100
4980,100
4985,100
4990,100
4995,100
5000,100
5005,100
5010,100
5015,100
5020,100
5025,100
5030,100
5035,100
5040,100
5045,100
5050,100
5055,100
5060,100
5065,100
5070,100
5075,100
5080,100
5085,100
5090,100
5095,100
5100,100
5105,100
5110,100
5115,100
5120,100
5125,100
5130,100
5135,100
5140,100
5145,100
5150,100
5155,100
5160,100
5165,100
5170,100
5175,100
5180,100
5185,100
5190,100
5195,100
5200,100
5205,100
5210,100
5215,100
5220,100
5225,100
5230,100
5235,100
5240,100
5245,100
5250,100
5255,100
5260,100
5265,100
5270,100
5275,100
5280,100
5285,100
5290,100
5295,100
5300,100
5305,100
5310,100
5315,100
5320,100
5325,100
5330,100
5335,100
5340,100
5345,100
5350,100
5355,100
5360,100
5365,100
5370,100
5375,100
5380,100
5385,100
5390,100
5395,100
5400,100
5405,100
5410,100
5415,100
5420,100
5425,100
5430,100
5435,100
5440,100
5445,100
5450,100
5455,100
5460,100
5465,100
5470,100
5475,100
5480,100
5485,100
5490,100
5495,100
5500,100
5505,100
5510,100
5515,100
5520,100
5525,100
5530,100
5535,100
5540,100
5545,100
5550,100
5555,100
5560,100
5565,100
5570,100
5575,100
5580,100
5585,100
5590,100
5595,100
5600,100
5605,100
5610,100
5615,100
5620,100
5625,100
5630,100
5635,100
5640,100
5645,100
5650,100
5655,100
5660,100
5665,100
5670,100
5675,100
5680,100
5685,100
5690,100
5695,100
5700,100
5705,100
5710,100
5715,100
5720,100
5725,100
5730,100
5735,100
5740,100
5745,100
5750,100
5755,100
5760,100
5765,100
5770,100
5775,100
5780,100
5785,100
5790,100
5795,100
5800,100
5805,100
5810,100
5815,100
5820,100
5825,100
5830,100
5835,100
5840,100
5845,100
5850,100
5855,100
5860,100
5865,100
5870,100
5875,100
5880,100
5885,100
5890,100
5895,100
5900,100
5905,100
5910,100
5915,100
5920,100
5925,100
5930,100
5935,100
5940,100
5945,100
5950,100
5955,100
5960,100
5965,100
5970,100
5975,100
5980,100
5985,100
5990,100
5995,100
6000,100
6005,100
6010,100
6015,100
6020,100
6025,100
6030,100
6035,100
6040,100
6045,100
6050,100
6055,100
6060,100
6065,100
6070,100
6075,100
6080,100
6085,100
6090,100
6095,100
6100,100
6105,100
6110,100
6115,100
6120,100
6125,100
6130,100
6135,100
6140,100
6145,100
6150,100
6155,100
6160,100
6165,100
6170,100
6175,100
6180,100
6185,100
6190,100
6195,100
6200,100
6205,100
6210,100
6215,100
6220,100
6225,100
6230,100
6235,100
6240,100
6245,100
6250,100
6255,100
6260,100
6265,100
6270,100
6275,100
6280,100
6285,100
6290,100
6295,100
6300,100
6305,100
6310,100
6315,100
6320,100
6325,100
6330,100
6335,100
6340,100
6345,100
6350,100
6355,100
6360,100
6365,100
6370,100
6375,100
6380,100
6385,100
6390,100
6395,100
6400,100
6405,100
6410,100
6415,100
6420,100
6425,100
6430,100
6435,100
6440,100
6445,100
6450,100
6455,100
6460,100
6465,100
6470,100
6475,100
6480,100
6485,100
6490,100
6495,100
6500,100
6505,100
6510,100
6515,100
6520,100
6525,100
6530,100
6535,100
6540,100
6545,100
6550,100
6555,100
6560,100
6565,100
6570,100
6575,100
6580,100
6585,100
6590,100
6595,100
6600,100
6605,100
6610,100
6615,100
6620,100
6625,100
6630,100
6635,100
6640,100
6645,100
6650,100
6655,100
6660,100
6665,100
6670,100
6675,100
6680,100
6685,100
6690,100
6695,100
6700,100
6705,100
6710,100
6715,100
6720,100
6725,100
6730,100
6735,100
6740,100
6745,100
6750,100
6755,100
6760,100
6765,100
6770,100
6775,100
6780,100
6785,100
6790,100
6795,100
6800,100
6805,100
6810,100
6815,100
6820,100
6825,100
6830,100
6835,100
6840,100
6845,100
6850,100
6855,100
6860,100
6865,100
6870,100
6875,100
6880,100
6885,100
6890,100
6895,100
6900,100
6905,100
6910,100
6915,100
6920,100
6925,100
6930,100
6935,100
6940,100
6945,100
6950,100
6955,100
6960,100
6965,100
6970,100
6975,100
6980,100
6985,100
6990,100
6995,100
7000,100
7005,100
7010,100
7015,100
7020,100
7025,100
7030,100
7035,100
7040,100
7045,100
7050,100
7055,100
7060,100
7065,100
7070,100
7075,100
7080,100
7085,100
7090,100
7095,100
7100,100
7105,100
7110,100
7115,100
7120,100
7125,100
7130,100
7135,100
7140,100
7145,100
7150,100
7155,100
7160,100
7165,100
7170,100
7175,100
7180,100
7185,100
7190,100
7195,100
7200,100
7205,100
7210,100
7215,100
7220,100
7225,100
7230,100
7235,100
7240,100
7245,100
7250,100
7255,100
7260,100
7265,100
7270,100
7275,100
7280,100
7285,100
7290,100
7295,100
7300,100
7305,100
7310,100
7315,100
7320,100
7325,100
7330,100
7335,100
7340,100
7345,100
7350,100
7355,100
7360,100
7365,100
7370,100
7375,100
7380,100
7385,100
7390,100
7395,100
7400,100
7405,100
7410,100
7415,100
7420,100
7425,100
7430,100
7435,100
7440,100
7445,100
7450,100
7455,100
7460,100
7465,100
7470,100
7475,100
7480,100
7485,100
7490,100
7495,100
7500,100
7505,100
7510,100
7515,100
7520,100
7525,100
7530,100
7535,100
7540,100
7545,100
7550,100
7555,100
7560,100
7565,100
7570,100
7575,100
7580,100
7585,100
7590,100
7595,100
7600,100
7605,100
7610,100
7615,100
7620,100
7625,100
7630,100
7635,100
7640,100
7645,100
7650,100
7655,100
7660,100
7665,100
7670,100
7675,100
7680,100
7685,100
7690,100
7695,100
7700,100
7705,100
7710,100
7715,100
7720,100
7725,100
7730,100
7735,100
7740,100
7745,100
7750,100
7755,100
7760,100
7765,100
7770,100
7775,100
7780,100
7785,100
7790,100
7795,100
7800,100
7805,100
7810,100
7815,100
7820,100
7825,100
7830,100
7835,100
7840,100
7845,100
7850,100
7855,100
7860,100
7865,100
7870,100
7875,100
7880,100
7885,100
7890,100
7895,100
7900,100
7905,100
7910,100
7915,100
7920,100
7925,100
7930,100
7935,100
7940,100
7945,100
7950,100
7955,100
7960,100
7965,100
7970,100
7975,100
7980,100
7985,100
7990,100
7995,100
8000,100
8005,100
8010,100
8015,100
8020,100
8025,100
8030,100
8035,100
8040,100
8045,100
8050,100
8055,100
8060,100
8065,100
8070,100
8075,100
8080,100
8085,100
8090,100
8095,100
8100,100
8105,100
8110,100
8115,100
8120,100
8125,100
8130,100
8135,100
8140,100
8145,100
8150,100
8155,100
8160,100
8165,100
8170,100
8175,100
8180,100
8185,100
8190,100
8195,100
8200,100
8205,100
8210,100
8215,100
8220,100
8225,100
8230,100
8235,100
8240,100
8245,100
8250,100
8255,100
8260,100
8265,100
8270,100
8275,100
8280,100
8285,100
8290,100
8295,100
8300,100
8305,100
8310,100
8315,100
8320,100
8325,100
8330,100
8335,100
8340,100
8345,100
8350,100
8355,100
8360,100
8365,100
8370,100
8375,100
8380,100
8385,100
8390,100
8395,100
8400,100
8405,100
8410,100
8415,100
8420,100
8425,100
8430,100
8435,100
8440,100
8445,100
8450,100
8455,100
8460,100
8465,100
8470,100
8475,100
8480,100
8485,100
8490,100
8495,100
8500,100
8505,100
8510,100
8515,100
8520,100
8525,100
8530,100
8535,100
8540,100
8545,100
8550,100
8555,100
8560,100
8565,100
8570,100
8575,100
8580,100
8585,100
8590,100
8595,100
8600,100
8605,100
8610,100
8615,100
8620,100
8625,100
8630,100
8635,100
8640,100
8645,100
8650,100
8655,100
8660,100
8665,100
8670,100
8675,100
8680,100
8685,100
8690,100
8695,100
8700,100
8705,100
8710,100
8715,100
8720,100
8725,100
8730,100
8735,100
8740,100
8745,100
8750,100
8755,100
8760,100
8765,100
8770,100
8775,100
8780,100
8785,100
8790,100
8795,100
8800,100
8805,100
8810,100
8815,100
8820,100
8825,100
8830,100
8835,100
8840,100
8845,100
8850,100
8855,100
8860,100
8865,100
8870,100
8875,100
8880,100
8885,100
8890,100
8895,100
8900,100
8905,100
8910,100
8915,100
8920,100
8925,100
8930,100
8935,100
8940,100
8945,100
8950,100
8955,100
8960,100
8965,100
8970,100
8975,100
8980,100
8985,100
8990,100
8995,100
9000,100
9005,100
9010,100
9015,100
9020,100
9025,100
9030,100
9035,100
9040,100
9045,100
9050,100
9055,100
9060,100
9065,100
9070,100
9075,100
9080,100
9085,100
9090,100
9095,100
9100,100
9105,100
9110,100
9115,100
9120,100
9125,100
9130,100
9135,100
9140,100
9145,100
9150,100
9155,100
9160,100
9165,100
9170,100
9175,100
9180,100
9185,100
9190,100
9195,100
9200,100
9205,100
9210,100
9215,100
9220,100
9225,100
9230,100
9235,100
9240,100
9245,100
9250,100
9255,100
9260,100
9265,100
9270,100
9275,100
9280,100
9285,100
9290,100
9295,100
9300,100
9305,100
9310,100
9315,100
9320,100
9325,100
9330,100
9335,100
9340,100
9345,100
9350,100
9355,100
9360,100
9365,100
9370,100
9375,100
9380,100
9385,100
9390,100
9395,100
9400,100
9405,100
9410,100
9415,100
9420,100
9425,100
9430,100
9435,100
9440,100
9445,100
9450,100
9455,100
9460,100
9465,100
9470,100
9475,100
9480,100
9485,100
9490,100
9495,100
9500,100
9505,100
9510,100
9515,100
9520,100
9525,100
9530,100
9535,100
9540,100
9545,100
9550,100
9555,100
9560,100
9565,100
9570,100
9575,100
9580,100
9585,100
9590,100
9595,100
9600,100
9605,100
9610,100
9615,100
9620,100
9625,100
9630,100
9635,100
9640,100
9645,100
9650,100
9655,100
9660,100
9665,100
9670,100
9675,100
9680,100
9685,100
9690,100
9695,100
9700,100
9705,100
9710,100
9715,100
9720,100
9725,100
9730,100
9735,100
9740,100
9745,100
9750,100
9755,100
9760,100
9765,100
9770,100
9775,100
9780,100
9785,100
9790,100
9795,100
9800,100
9805,100
9810,100
9815,100
9820,100
9825,100
9830,100
9835,100
9840,100
9845,100
9850,100
9855,100
9860,100
9865,100
9870,100
9875,100
9880,100
9885,100
9890,100
9895,100
9900,100
9905,100
9910,100
9915,100
9920,100
9925,100
9930,100
9935,100
9940,100
9945,100
9950,100
9955,100
9960,100
9965,100
9970,100
9975,100
9980,100
9985,100
9990,100
9995,100
10000,100
10005,100
10010,100
10015,100
10020,100
10025,100
10030,100
10035,100
10040,100
10045,100
10050,100
10055,100
10060,100
10065,100
10070,100
10075,100
10080,100
10085,100
10090,100
10095,100
10100,100
10105,100
10110,100
10115,100
10120,100
10125,100
10130,100
10135,100
10140,100
10145,100
10150,100
10155,100
10160,100
10165,100
10170,100
10175,100
10180,100
10185,100
10190,100
10195,100
10200,100
10205,100
10210,100
10215,100
10220,100
10225,100
10230,100
10235,100
10240,100
10245,100
10250,100
10255,100
10260,100
10265,100
10270,100
10275,100
10280,100
10285,100
10290,100
10295,100
10300,100
10305,100
10310,100
10315,100
10320,100
10325,100
10330,100
10335,100
10340,100
10345,100
10350,100
10355,100
10360,100
10365,100
10370,100
10375,100
10380,100
10385,100
10390,100
10395,100
10400,100
10405,100
10410,100
10415,100
10420,100
10425,100
10430,100
10435,100
10440,100
10445,100
10450,100
10455,100
10460,100
10465,100
10470,100
10475,100
10480,100
10485,100
10490,100
10495,100
10500,100
10505,100
10510,100
10515,100
10520,100
10525,100
10530,100
10535,100
10540,100
10545,100
10550,100
10555,100
10560,100
10565,100
10570,100
10575,100
10580,100
10585,100
10590,100
10595,100
10600,100
10605,100
10610,100
10615,100
10620,100
10625,100
10630,100
10635,100
10640,100
10645,100
10650,100
10655,100
10660,100
10665,100
10670,100
10675,100
10680,100
10685,100
10690,100
10695,100
10700,100
10705,100
10710,100
10715,100
10720,100
10725,100
10730,100
10735,100
10740,100
10745,100
10750,100
10755,100
10760,100
10765,100
10770,100
10775,100
10780,100
10785,100
10790,100
10795,100
10800,100
10805,100
10810,100
10815,100
10820,100
10825,100
10830,100
10835,100
10840,100
10845,100
10850,100
10855,100
10860,100
10865,100
10870,100
10875,100
10880,100
10885,100
10890,100
10895,100
10900,100
10905,100
10910,100
10915,100
10920,100
10925,100
10930,100
10935,100
10940,100
10945,100
10950,100
10955,100
10960,100
10965,100
10970,100
10975,100
10980,100
10985,100
10990,100
10995,100
11000,100
11005,100
11010,100
11015,100
11020,100
11025,100
11030,100
11035,100
11040,100
11045,100
11050,100
11055,100
11060,100
11065,100
11070,100
11075,100
11080,100
11085,100
11090,100
11095,100
11100,100
11105,100
11110,100
11115,100
11120,100
11125,100
11130,100
11135,100
11140,100
11145,100
11150,100
11155,100
11160,100
11165,100
11170,100
11175,100
11180,100
11185,100
11190,100
11195,100
11200,100
11205,100
11210,100
11215,100
11220,100
11225,100
11230,100
11235,100
11240,100
11245,100
11250,100
11255,100
11260,100
11265,100
11270,100
11275,100
11280,100
11285,100
11290,100
11295,100
11300,100
11305,100
11310,100
11315,100
11320,100
11325,100
11330,100
11335,100
11340,100
11345,100
11350,100
11355,100
11360,100
11365,100
11370,100
11375,100
11380,100
11385,100
11390,100
11395,100
11400,100
11405,100
11410,100
11415,100
11420,100
11425,100
11430,100
11435,100
11440,100
11445,100
11450,100
11455,100
11460,100
11465,100
11470,100
11475,100
11480,100
11485,100
11490,100
11495,100
11500,100
11505,100
11510,100
11515,100
11520,100
11525,100
11530,100
11535,100
11540,100
11545,100
11550,100
11555,100
11560,100
11565,100
11570,100
11575,100
11580,100
11585,100
11590,100
11595,100
11600,100
11605,100
11610,100
11615,100
11620,100
11625,100
11630,100
11635,100
11640,100
11645,100
11650,100
11655,100
11660,100
11665,100
11670,100
11675,100
11680,100
11685,100
11690,100
11695,100
11700,100
11705,100
11710,100
11715,100
11720,100
11725,100
11730,100
11735,100
11740,100
11745,100
11750,100
11755,100
11760,100
11765,100
11770,100
11775,100
11780,100
11785,100
11790,100
11795,100
11800,100
11805,100
11810,100
11815,100
11820,100
11825,100
11830,100
11835,100
11840,100
11845,100
11850,100
11855,100
11860,100
11865,100
11870,100
11875,100
11880,100
11885,100
11890,100
11895,100
11900,100
11905,100
11910,100
11915,100
11920,100
11925,100
11930,100
11935,100
11940,100
11945,100
11950,100
11955,100
11960,100
11965,100
11970,100
11975,100
11980,100
11985,100
11990,100
11995,100
12000,100
12005,100
12010,100
12015,100
12020,100
12025,100
12030,100
12035,100
12040,100
12045,100
12050,100
12055,100
12060,100
12065,100
12070,100
12075,100
12080,100
12085,100
12090,100
12095,100
12100,100
12105,100
12110,100
12115,100
12120,100
12125,100
12130,100
12135,100
12140,100
12145,100
12150,100
12155,100
12160,100
12165,100
12170,100
12175,100
12180,100
12185,100
12190,100
12195,100
12200,100
12205,100
12210,100
12215,100
12220,100
12225,100
12230,100
12235,100
12240,100
12245,100
12250,100
12255,100
12260,100
12265,100
12270,100
12275,100
12280,100
12285,100
12290,100
12295,100
12300,100
12305,100
12310,100
12315,100
12320,100
12325,100
12330,100
12335,100
12340,100
12345,100
12350,100
12355,100
12360,100
12365,100
12370,100
12375,100
12380,100
12385,100
12390,100
12395,100
12400,100
12405,100
12410,100
12415,100
12420,100
12425,100
12430,100
12435,100
12440,100
12445,100
12450,100
12455,100
12460,100
12465,100
12470,100
12475,100
12480,100
12485,100
12490,100
12495,100
12500,100
12505,100
12510,100
12515,100
12520,100
12525,100
12530,100
12535,100
12540,100
12545,100
12550,100
12555,100
12560,100
12565,100
12570,100
12575,100
12580,100
12585,100
12590,100
12595,100
12600,100
12605,100
12610,100
12615,100
12620,100
12625,100
12630,100
12635,100
12640,100
12645,100
12650,100
12655,100
12660,100
12665,100
12670,100
12675,100
12680,100
12685,100
12690,100
12695,100
12700,100
12705,100
12710,100
12715,100
12720,100
12725,100
12730,100
12735,100
12740,100
12745,100
12750,100
12755,100
12760,100
12765,100
12770,100
12775,100
12780,100
12785,100
12790,100
12795,100
12800,100
12805,100
12810,100
12815,100
12820,100
12825,100
12830,100
12835,100
12840,100
12845,100
12850,100
12855,100
12860,100
12865,100
12870,100
12875,100
12880,100
12885,100
12890,100
12895,100
12900,100
12905,100
12910,100
12915,100
12920,100
12925,100
12930,100
12935,100
12940,100
12945,100
12950,100
12955,100
12960,100
12965,100
12970,100
12975,100
12980,100
12985,100
12990,100
12995,100
13000,100
13005,100
13010,100
13015,100
13020,100
13025,100
13030,100
13035,100
13040,100
13045,100
13050,100
13055,100
13060,100
13065,100
13070,100
13075,100
13080,100
13085,100
13090,100
13095,100
13100,100
13105,100
13110,100
13115,100
13120,100
13125,100
13130,100
13135,100
13140,100
13145,100
13150,100
13155,100
13160,100
13165,100
13170,100
13175,100
13180,100
13185,100
13190,100
13195,100
13200,100
13205,100
13210,100
13215,100
13220,100
13225,100
13230,100
13235,100
13240,100
13245,100
13250,100
13255,100
13260,100
13265,100
13270,100
13275,100
13280,100
13285,100
13290,100
13295,100
13300,100
13305,100
13310,100
13315,100
13320,100
13325,100
13330,100
13335,100
13340,100
13345,100
13350,100
13355,100
13360,100
13365,100
13370,100
13375,100
13380,100
13385,100
13390,100
13395,100
13400,100
13405,100
13410,100
13415,100
13420,100
13425,100
13430,100
13435,100
13440,100
13445,100
13450,100
13455,100
13460,100
13465,100
13470,100
13475,100
13480,100
13485,100
13490,100
13495,100
13500,100
13505,100
13510,100
13515,100
13520,100
13525,100
13530,100
13535,100
13540,100
13545,100
13550,100
13555,100
13560,100
13565,100
13570,100
13575,100
13580,100
13585,100
13590,100
13595,100
13600,100
13605,100
13610,100
13615,100
13620,100
13625,100
13630,100
13635,100
13640,100
13645,100
13650,100
13655,100
13660,100
13665,100
13670,100
13675,100
13680,100
13685,100
13690,100
13695,100
13700,100
13705,100
13710,100
13715,100
13720,100
13725,100
13730,100
13735,100
13740,100
13745,100
13750,100
13755,100
13760,100
13765,100
13770,100
13775,100
13780,100
13785,100
13790,100
13795,100
13800,100
13805,100
13810,100
13815,100
13820,100
13825,100
13830,100
13835,100
13840,100
13845,100
13850,100
13855,100
13860,100
13865,100
13870,100
13875,100
13880,100
13885,100
13890,100
13895,100
13900,100
13905,100
13910,100
13915,100
13920,100
13925,100
13930,100
13935,100
13940,100
13945,100
13950,100
13955,100
13960,100
13965,100
13970,100
13975,100
13980,100
13985,100
13990,100
13995,100
14000,100
14005,100
14010,100
14015,100
14020,100
14025,100
14030,100
14035,100
14040,100
14045,100
14050,100
14055,100
14060,100
14065,100
14070,100
14075,100
14080,100
14085,100
14090,100
14095,100
14100,100
14105,100
14110,100
14115,100
14120,100
14125,100
14130,100
14135,100
14140,100
14145,100
14150,100
14155,100
14160,100
14165,100
14170,100
14175,100
14180,100
14185,100
14190,100
14195,100
14200,100
14205,100
14210,100
14215,100
14220,100
14225,100
14230,100
14235,100
14240,100
14245,100
14250,100
14255,100
14260,100
14265,100
14270,100
14275,100
14280,100
14285,100
14290,100
14295,100
14300,100
14305,100
14310,100
14315,100
14320,100
14325,100
14330,100
14335,100
14340,100
14345,100
14350,100
14355,100
14360,100
14365,100
14370,100
14375,100
14380,100
14385,100
14390,100
14395,100
14400,100
14405,100
14410,100
14415,100
14420,100
14425,100
14430,100
14435,100
14440,100
14445,100
14450,100
14455,100
14460,100
14465,100
14470,100
14475,100
14480,100
14485,100
14490,100
14495,100
14500,100
14505,100
14510,100
14515,100
14520,100
14525,100
14530,100
14535,100
14540,100
14545,100
14550,100
14555,100
14560,100
14565,100
14570,100
14575,100
14580,100
14585,100
14590,100
14595,100
14600,100
14605,100
14610,100
14615,100
14620,100
14625,100
14630,100
14635,100
14640,100
14645,100
14650,100
14655,100
14660,100
14665,100
14670,100
14675,100
14680,100
14685,100
14690,100
14695,100
14700,100
14705,100
14710,100
14715,100
14720,100
14725,100
14730,100
14735,100
14740,100
14745,100
14750,100
14755,100
14760,100
14765,100
14770,100
14775,100
14780,100
14785,100
14790,100
14795,100
14800,100
14805,100
14810,100
14815,100
14820,100
14825,100
14830,100
14835,100
14840,100
14845,100
14850,100
14855,100
14860,100
14865,100
14870,100
14875,100
14880,100
14885,100
14890,100
14895,100
14900,100
14905,100
14910,100
14915,100
14920,100
14925,100
14930,100
14935,100
14940,100
14945,100
14950,100
14955,100
14960,100
14965,100
14970,100
14975,100
14980,100
14985,100
14990,100
14995,100
15000,100
15005,100
15010,100
15015,100
15020,100
15025,100
15030,100
15035,100
15040,100
15045,100
15050,100
15055,100
15060,100
15065,100
15070,100
15075,100
15080,100
15085,100
15090,100
15095,100
15100,100
15105,100
15110,100
15115,100
15120,100
15125,100
15130,100
15135,100
15140,100
15145,100
15150,100
15155,100
15160,100
15165,100
15170,100
15175,100
15180,100
15185,100
15190,100
15195,100
15200,100
15205,100
15210,100
15215,100
15220,100
15225,100
15230,100
15235,100
15240,100
15245,100
15250,100
15255,100
15260,100
15265,100
15270,100
15275,100
15280,100
15285,100
15290,100
15295,100
15300,100
15305,100
15310,100
15315,100
15320,100
15325,100
15330,100
15335,100
15340,100
15345,100
15350,100
15355,100
15360,100
15365,100
15370,100
15375,100
15380,100
15385,100
15390,100
15395,100
15400,100
15405,100
15410,100
15415,100
15420,100
15425,100
15430,100
15435,100
15440,100
15445,100
15450,100
15455,100
15460,100
15465,100
15470,100
15475,100
15480,100
15485,100
15490,100
15495,100
15500,100
15505,100
15510,100
15515,100
15520,100
15525,100
15530,100
15535,100
15540,100
15545,100
15550,100
15555,100
15560,100
15565,100
15570,100
15575,100
15580,100
15585,100
15590,100
15595,100
15600,100
15605,100
15610,100
15615,100
15620,100
15625,100
15630,100
15635,100
15640,100
15645,100
15650,100
15655,100
15660,100
15665,100
15670,100
15675,100
15680,100
15685,100
15690,100
15695,100
15700,100
15705,100
15710,100
15715,100
15720,100
15725,100
15730,100
15735,100
15740,100
15745,100
15750,100
15755,100
15760,100
15765,100
15770,100
15775,100
15780,100
15785,100
15790,100
15795,100
15800,100
15805,100
15810,100
15815,100
15820,100
15825,100
15830,100
15835,100
15840,100
15845,100
15850,100
15855,100
15860,100
15865,100
15870,100
15875,100
15880,100
15885,100
15890,100
15895,100
15900,100
15905,100
15910,100
15915,100
15920,100
15925,100
15930,100
15935,100
15940,100
15945,100
15950,100
15955,100
15960,100
15965,100
15970,100
15975,100
15980,100
15985,100
15990,100
15995,100
16000,100
16005,100
16010,100
16015,100
16020,100
16025,100
16030,100
16035,100
16040,100
16045,100
16050,100
16055,100
16060,100
16065,100
16070,100
16075,100
16080,100
16085,100
16090,100
16095,100
16100,100
16105,100
16110,100
16115,100
16120,100
16125,100
16130,100
16135,100
16140,100
16145,100
16150,100
16155,100
16160,100
16165,100
16170,100
16175,100
16180,100
16185,100
16190,100
16195,100
16200,100
16205,100
16210,100
16215,100
16220,100
16225,100
16230,100
16235,100
16240,100
16245,100
16250,100
16255,100
16260,100
16265,100
16270,100
16275,100
16280,100
16285,100
16290,100
16295,100
16300,100
16305,100
16310,100
16315,100
16320,100
16325,100
16330,100
16335,100
16340,100
16345,100
16350,100
16355,100
16360,100
16365,100
16370,100
16375,100
16380,100
16385,100
16390,100
16395,100
16400,100
16405,100
16410,100
16415,100
16420,100
16425,100
16430,100
16435,100
16440,100
16445,100
16450,100
16455,100
16460,100
16465,100
16470,100
16475,100
16480,100
16485,100
16490,100
16495,100
16500,100
16505,100
16510,100
16515,100
16520,100
16525,100
16530,100
16535,100
16540,100
16545,100
16550,100
16555,100
16560,100
16565,100
16570,100
16575,100
16580,100
16585,100
16590,100
16595,100
16600,100
16605,100
16610,100
16615,100
16620,100
16625,100
16630,100
16635,100
16640,100
16645,100
16650,100
16655,100
16660,100
16665,100
16670,100
16675,100
16680,100
16685,100
16690,100
16695,100
16700,100
16705,100
16710,100
16715,100
16720,100
16725,100
16730,100
16735,100
16740,100
16745,100
16750,100
16755,100
16760,100
16765,100
16770,100
16775,100
16780,100
16785,100
16790,100
16795,100
16800,100
16805,100
16810,100
16815,100
16820,100
16825,100
16830,100
16835,100
16840,100
16845,100
16850,100
16855,100
16860,100
16865,100
16870,100
16875,100
16880,100
16885,100
16890,100
16895,100
16900,100
16905,100
16910,100
16915,100
16920,100
16925,100
16930,100
16935,100
16940,100
16945,100
16950,100
16955,100
16960,100
16965,100
16970,100
16975,100
16980,100
16985,100
16990,100
16995,100
17000,100
17005,100
17010,100
17015,100
17020,100
17025,100
17030,100
17035,100
17040,100
17045,100
17050,100
17055,100
17060,100
17065,100
17070,100
17075,100
17080,100
17085,100
17090,100
17095,100
17100,100
17105,100
17110,100
17115,100
17120,100
17125,100
17130,100
17135,100
17140,100
17145,100
17150,100
17155,100
17160,100
17165,100
17170,100
17175,100
17180,100
17185,100
17190,100
17195,100
17200,100
17205,100
17210,100
17215,100
17220,100
17225,100
17230,100
17235,100
17240,100
17245,100
17250,100
17255,100
17260,100
17265,100
17270,100
17275,100
17280,100
17285,100
17290,100
17295,100
17300,100
17305,100
17310,100
17315,100
17320,100
17325,100
17330,100
17335,100
17340,100
17345,100
17350,100
17355,100
17360,100
17365,100
17370,100
17375,100
17380,100
17385,100
17390,100
17395,100
17400,100
17405,100
17410,100
17415,100
17420,100
17425,100
17430,100
17435,100
17440,100
17445,100
17450,100
17455,100
17460,100
17465,100
17470,100
17475,100
17480,100
17485,100
17490,100
17495,100
17500,100
17505,100
17510,100
17515,100
17520,100
17525,100
17530,100
17535,100
17540,100
17545,100
17550,100
17555,100
17560,100
17565,100
17570,100
17575,100
17580,100
17585,100
17590,100
17595,100
17600,100
17605,100
17610,100
17615,100
17620,100
17625,100
17630,100
17635,100
17640,100
17645,100
17650,100
17655,100
17660,100
17665,100
17670,100
17675,100
17680,100
17685,100
17690,100
17695,100
17700,100
17705,100
17710,100
17715,100
17720,100
17725,100
17730,100
17735,100
17740,100
17745,100
17750,100
17755,100
17760,100
17765,100
17770,100
17775,100
17780,100
17785,100
17790,100
17795,100
17800,100
17805,100
17810,100
17815,100
17820,100
17825,100
17830,100
17835,100
17840,100
17845,100
17850,100
17855,100
17860,100
17865,100
17870,100
17875,100
17880,100
17885,100
17890,100
17895,100
17900,100
17905,100
17910,100
17915,100
17920,100
17925,100
17930,100
17935,100
17940,100
17945,100
17950,100
17955,100
17960,100
17965,100
17970,100
17975,100
17980,100
17985,100
17990,100
17995,100
18000,100
18005,100
18010,100
18015,100
18020,100
18025,100
18030,100
18035,100
18040,100
18045,100
18050,100
18055,100
18060,100
18065,100
18070,100
18075,100
18080,100
18085,100
18090,100
18095,100
18100,100
18105,100
18110,100
18115,100
18120,100
18125,100
18130,100
18135,100
18140,100
18145,100
18150,100
18155,100
18160,100
18165,100
18170,100
18175,100
18180,100
18185,100
18190,100
18195,100
18200,100
18205,100
18210,100
18215,100
18220,100
18225,100
18230,100
18235,100
18240,100
18245,100
18250,100
18255,100
18260,100
18265,100
18270,100
18275,100
18280,100
18285,100
18290,100
18295,100
18300,100
18305,100
18310,100
18315,100
18320,100
18325,100
18330,100
18335,100
18340,100
18345,100
18350,100
18355,100
18360,100
18365,100
18370,100
18375,100
18380,100
18385,100
18390,100
18395,100
18400,100
18405,100
18410,100
18415,100
18420,100
18425,100
18430,100
18435,100
18440,100
18445,100
18450,100
18455,100
18460,100
18465,100
18470,100
18475,100
18480,100
18485,100
18490,100
18495,100
18500,100
18505,100
18510,100
18515,100
18520,100
18525,100
18530,100
18535,100
18540,100
18545,100
18550,100
18555,100
18560,100
18565,100
18570,100
18575,100
18580,100
18585,100
18590,100
18595,100
18600,100
18605,100
18610,100
18615,100
18620,100
18625,100
18630,100
18635,100
18640,100
18645,100
18650,100
18655,100
18660,100
18665,100
18670,100
18675,100
18680,100
18685,100
18690,100
18695,100
18700,100
18705,100
18710,100
18715,100
18720,100
18725,100
18730,100
18735,100
18740,100
18745,100
18750,100
18755,100
18760,100
18765,100
18770,100
18775,100
18780,100
18785,100
18790,100
18795,100
18800,100
18805,100
18810,100
18815,100
18820,100
18825,100
18830,100
18835,100
18840,100
18845,100
18850,100
18855,100
18860,100
18865,100
18870,100
18875,100
18880,100
18885,100
18890,100
18895,100
18900,100
18905,100
18910,100
18915,100
18920,100
18925,100
18930,100
18935,100
18940,100
18945,100
18950,100
18955,100
18960,100
18965,100
18970,100
18975,100
18980,100
18985,100
18990,100
18995,100
19000,100
19005,100
19010,100
19015,100
19020,100
19025,100
19030,100
19035,100
19040,100
19045,100
19050,100
19055,100
19060,100
19065,100
19070,100
19075,100
19080,100
19085,100
19090,100
19095,100
19100,100
19105,100
19110,100
19115,100
19120,100
19125,100
19130,100
19135,100
19140,100
19145,100
19150,100
19155,100
19160,100
19165,100
19170,100
19175,100
19180,100
19185,100
19190,100
19195,100
19200,100
19205,100
19210,100
19215,100
19220,100
19225,100
19230,100
19235,100
19240,100
19245,100
19250,100
19255,100
19260,100
19265,100
19270,100
19275,100
19280,100
19285,100
19290,100
19295,100
19300,100
19305,100
19310,100
19315,100
19320,100
19325,100
19330,100
19335,100
19340,100
19345,100
19350,100
19355,100
19360,100
19365,100
19370,100
19375,100
19380,100
19385,100
19390,100
19395,100
19400,100
19405,100
19410,100
19415,100
19420,100
19425,100
19430,100
19435,100
19440,100
19445,100
19450,100
19455,100
19460,100
19465,100
19470,100
19475,100
19480,100
19485,100
19490,100
19495,100
19500,100
19505,100
19510,100
19515,100
19520,100
19525,100
19530,100
19535,100
19540,100
19545,100
19550,100
19555,100
19560,100
19565,100
19570,100
19575,100
19580,100
19585,100
19590,100
19595,100
19600,100
19605,100
19610,100
19615,100
19620,100
19625,100
19630,100
19635,100
19640,100
19645,100
19650,100
19655,100
19660,100
19665,100
19670,100
19675,100
19680,100
19685,100
19690,100
19695,100
19700,100
19705,100
19710,100
19715,100
19720,100
19725,100
19730,100
19735,100
19740,100
19745,100
19750,100
19755,100
19760,100
19765,100
19770,100
19775,100
19780,100
19785,100
19790,100
19795,100
19800,100
19805,100
19810,100
19815,100
19820,100
19825,100
19830,100
19835,100
19840,100
19845,100
19850,100
19855,100
19860,100
19865,100
19870,100
19875,100
19880,100
19885,100
19890,100
19895,100
19900,100
19905,100
19910,100
19915,100
19920,100
19925,100
19930,100
19935,100
19940,100
19945,100
19950,100
19955,100
19960,100
19965,100
19970,100
19975,100
19980,100
19985,100
19990,100
19995,100
20000,100
20005,100
20010,100
20015,100
20020,100
20025,100
20030,100
20035,100
20040,100
20045,100
20050,100
20055,100
20060,100
20065,100
20070,100
20075,100
20080,100
20085,100
20090,100
20095,100
20100,100
20105,100
20110,100
20115,100
20120,100
20125,100
20130,100
20135,100
20140,100
20145,100
20150,100
20155,100
20160,100
20165,100
20170,100
20175,100
20180,100
20185,100
20190,100
20195,100
20200,100
20205,100
20210,100
20215,100
20220,100
20225,100
20230,100
20235,100
20240,100
20245,100
20250,100
20255,100
20260,100
20265,100
20270,100
20275,100
20280,100
20285,100
20290,100
20295,100
20300,100
20305,100
20310,100
20315,100
20320,100
20325,100
20330,100
20335,100
20340,100
20345,100
20350,100
20355,100
20360,100
20365,100
20370,100
20375,100
20380,100
20385,100
20390,100
20395,100
20400,100
20405,100
20410,100
20415,100
20420,100
20425,100
20430,100
20435,100
20440,100
20445,100
20450,100
20455,100
20460,100
20465,100
20470,100
20475,100
20480,100
20485,100
20490,100
20495,100
20500,100
20505,100
20510,100
20515,100
20520,100
20525,100
20530,100
20535,100
20540,100
20545,100
20550,100
20555,100
20560,100
20565,100
20570,100
20575,100
20580,100
20585,100
20590,100
20595,100
20600,100
20605,100
20610,100
20615,100
20620,100
20625,100
20630,100
20635,100
20640,100
20645,100
20650,100
20655,100
20660,100
20665,100
20670,100
20675,100
20680,100
20685,100
20690,100
20695,100
20700,100
20705,100
20710,100
20715,100
20720,100
20725,100
20730,100
20735,100
20740,100
20745,100
20750,100
20755,100
20760,100
20765,100
20770,100
20775,100
20780,100
20785,100
20790,100
20795,100
20800,100
20805,100
20810,100
20815,100
20820,100
20825,100
20830,100
20835,100
20840,100
20845,100
20850,100
20855,100
20860,100
20865,100
20870,100
20875,100
20880,100
20885,100
20890,100
20895,100
20900,100
20905,100
20910,100
20915,100
20920,100
20925,100
20930,100
20935,100
20940,100
20945,100
20950,100
20955,100
20960,100
20965,100
20970,100
20975,100
20980,100
20985,100
20990,100
20995,100
21000,100
21005,100
21010,100
21015,100
21020,100
21025,100
21030,100
21035,100
21040,100
21045,100
21050,100
21055,100
21060,100
21065,100
21070,100
21075,100
21080,100
21085,100
21090,100
21095,100
21100,100
21105,100
21110,100
21115,100
21120,100
21125,100
21130,100
21135,100
21140,100
21145,100
21150,100
21155,100
21160,100
21165,100
21170,100
21175,100
21180,100
21185,100
21190,100
21195,100
21200,100
21205,100
21210,100
21215,100
21220,100
21225,100
21230,100
21235,100
21240,100
21245,100
21250,100
21255,100
21260,100
21265,100
21270,100
21275,100
21280,100
21285,100
21290,100
21295,100
21300,100
21305,100
21310,100
21315,100
21320,100
21325,100
21330,100
21335,100
21340,100
21345,100
21350,100
21355,100
21360,100
21365,100
21370,100
21375,100
21380,100
21385,100
21390,100
21395,100
21400,100
21405,100
21410,100
21415,100
21420,100
21425,100
21430,100
21435,100
21440,100
21445,100
21450,100
21455,100
21460,100
21465,100
21470,100
21475,100
21480,100
21485,100
21490,100
21495,100
21500,100
21505,100
21510,100
21515,100
21520,100
21525,100
21530,100
21535,100
21540,100
21545,100
21550,100
21555,100
21560,100
21565,100
21570,100
21575,100
21580,100
21585,100
21590,100
21595,100
21600,100
21605,100
21610,100
21615,100
21620,100
21625,100
21630,100
21635,100
21640,100
21645,100
21650,100
21655,100
21660,100
21665,100
21670,100
21675,100
21680,100
21685,100
21690,100
21695,100
21700,100
21705,100
21710,100
21715,100
21720,100
21725,100
21730,100
21735,100
21740,100
21745,100
21750,100
21755,100
21760,100
21765,100
21770,100
21775,100
21780,100
21785,100
21790,100
21795,100
21800,100
21805,100
21810,100
21815,100
21820,100
21825,100
21830,100
21835,100
21840,100
21845,100
21850,100
21855,100
21860,100
21865,100
21870,100
21875,100
21880,100
21885,100
21890,100
21895,100
21900,100
21905,100
21910,100
21915,100
21920,100
21925,100
21930,100
21935,100
21940,100
21945,100
21950,100
21955,100
21960,100
21965,100
21970,100
21975,100
21980,100
21985,100
21990,100
21995,100
22000,100
22005,100
22010,100
22015,100
22020,100
22025,100
22030,100
22035,100
22040,100
22045,100
22050,100
22055,100
22060,100
22065,100
22070,100
22075,100
22080,100
22085,100
22090,100
22095,100
22100,100
22105,100
22110,100
22115,100
22120,100
22125,100
22130,100
22135,100
22140,100
22145,100
22150,100
22155,100
22160,100
22165,100
22170,100
22175,100
22180,100
22185,100
22190,100
22195,100
22200,100
22205,100
22210,100
22215,100
22220,100
22225,100
22230,100
22235,100
22240,100
22245,100
22250,100
22255,100
22260,100
22265,100
22270,100
22275,100
22280,100
22285,100
22290,100
22295,100
22300,100
22305,100
22310,100
22315,100
22320,100
22325,100
22330,100
22335,100
22340,100
22345,100
22350,100
22355,100
22360,100
22365,100
22370,100
22375,100
22380,100
22385,100
22390,100
22395,100
22400,100
22405,100
22410,100
22415,100
22420,100
22425,100
22430,100
22435,100
22440,100
22445,100
22450,100
22455,100
22460,100
22465,100
22470,100
22475,100
22480,100
22485,100
22490,100
22495,100
22500,100
22505,100
22510,100
22515,100
22520,100
22525,100
22530,100
22535,100
22540,100
22545,100
22550,100
22555,100
22560,100
22565,100
22570,100
22575,100
22580,100
22585,100
22590,100
22595,100
22600,100
22605,100
22610,100
22615,100
22620,100
22625,100
22630,100
22635,100
22640,100
22645,100
22650,100
22655,100
22660,100
22665,100
22670,100
22675,100
22680,100
22685,100
22690,100
22695,100
22700,100
22705,100
22710,100
22715,100
22720,100
22725,100
22730,100
22735,100
22740,100
22745,100
22750,100
22755,100
22760,100
22765,100
22770,100
22775,100
22780,100
22785,100
22790,100
22795,100
22800,100
22805,100
22810,100
22815,100
22820,100
22825,100
22830,100
22835,100
22840,100
22845,100
22850,100
22855,100
22860,100
22865,100
22870,100
22875,100
22880,100
22885,100
22890,100
22895,100
22900,100
22905,100
22910,100
22915,100
22920,100
22925,100
22930,100
22935,100
22940,100
22945,100
22950,100
22955,100
22960,100
22965,100
22970,100
22975,100
22980,100
22985,100
22990,100
22995,100
23000,100
23005,100
23010,100
23015,100
23020,100
23025,100
23030,100
23035,100
23040,100
23045,100
23050,100
23055,100
23060,100
23065,100
23070,100
23075,100
23080,100
23085,100
23090,100
23095,100
23100,100
23105,100
23110,100
23115,100
23120,100
23125,100
23130,100
23135,100
23140,100
23145,100
23150,100
23155,100
23160,100
23165,100
23170,100
23175,100
23180,100
23185,100
23190,100
23195,100
23200,100
23205,100
23210,100
23215,100
23220,100
23225,100
23230,100
23235,100
23240,100
23245,100
23250,100
23255,100
23260,100
23265,100
23270,100
23275,100
23280,100
23285,100
23290,100
23295,100
23300,100
23305,100
23310,100
23315,100
23320,100
23325,100
23330,100
23335,100
23340,100
23345,100
23350,100
23355,100
23360,100
23365,100
23370,100
23375,100
23380,100
23385,100
23390,100
23395,100
23400,100
23405,100
23410,100
23415,100
23420,100
23425,100
23430,100
23435,100
23440,100
23445,100
23450,100
23455,100
23460,100
23465,100
23470,100
23475,100
23480,100
23485,100
23490,100
23495,100
23500,100
23505,100
23510,100
23515,100
23520,100
23525,100
23530,100
23535,100
23540,100
23545,100
23550,100
23555,100
23560,100
23565,100
23570,100
23575,100
23580,100
23585,100
23590,100
23595,100
23600,100
23605,100
23610,100
23615,100
23620,100
23625,100
23630,100
23635,100
23640,100
23645,100
23650,100
23655,100
23660,100
23665,100
23670,100
23675,100
23680,100
23685,100
23690,100
23695,100
23700,100
23705,100
23710,100
23715,100
23720,100
23725,100
23730,100
23735,100
23740,100
23745,100
23750,100
23755,100
23760,100
23765,100
23770,100
23775,100
23780,100
23785,100
23790,100
23795,100
23800,100
23805,100
23810,100
23815,100
23820,100
23825,100
23830,100
23835,100
23840,100
23845,100
23850,100
23855,100
23860,100
23865,100
23870,100
23875,100
23880,100
23885,100
23890,100
23895,100
23900,100
23905,100
23910,100
23915,100
23920,100
23925,100
23930,100
23935,100
23940,100
23945,100
23950,100
23955,100
23960,100
23965,100
23970,100
23975,100
23980,100
23985,100
23990,100
23995,100
24000,100
24005,100
24010,100
24015,100
24020,100
24025,100
24030,100
24035,100
24040,100
24045,100
24050,100
24055,100
24060,100
24065,100
24070,100
24075,100
24080,100
24085,100
24090,100
24095,100
24100,100
24105,100
24110,100
24115,100
24120,100
24125,100
24130,100
24135,100
24140,100
24145,100
24150,100
24155,100
24160,100
24165,100
24170,100
24175,100
24180,100
24185,100
24190,100
24195,100
24200,100
24205,100
24210,100
24215,100
24220,100
24225,100
24230,100
24235,100
24240,100
24245,100
24250,100
24255,100
24260,100
24265,100
24270,100
24275,100
24280,100
24285,100
24290,100
24295,100
24300,100
24305,100
24310,100
24315,100
24320,100
24325,100
24330,100
24335,100
24340,100
24345,100
24350,100
24355,100
24360,100
24365,100
24370,100
24375,100
24380,100
24385,100
24390,100
24395,100
24400,100
24405,100
24410,100
24415,100
24420,100
24425,100
24430,100
24435,100
24440,100
24445,100
24450,100
24455,100
24460,100
24465,100
24470,100
24475,100
24480,100
24485,100
24490,100
24495,100
24500,100
24505,100
24510,100
24515,100
24520,100
24525,100
24530,100
24535,100
24540,100
24545,100
24550,100
24555,100
24560,100
24565,100
24570,100
24575,100
24580,100
24585,100
24590,100
24595,100
24600,100
24605,100
24610,100
24615,100
24620,100
24625,100
24630,100
24635,100
24640,100
24645,100
24650,100
24655,100
24660,100
24665,100
24670,100
24675,100
24680,100
24685,100
24690,100
24695,100
24700,100
24705,100
24710,100
24715,100
24720,100
24725,100
24730,100
24735,100
24740,100
24745,100
24750,100
24755,100
24760,100
24765,100
24770,100
24775,100
24780,100
24785,100
24790,100
24795,100
24800,100
24805,100
24810,100
24815,100
24820,100
24825,100
24830,100
24835,100
24840,100
24845,100
24850,100
24855,100
24860,100
24865,100
24870,100
24875,100
24880,100
24885,100
24890,100
24895,100
24900,100
24905,100
24910,100
24915,100
24920,100
24925,100
24930,100
24935,100
24940,100
24945,100
24950,100
24955,100
24960,100
24965,100
24970,100
24975,100
24980,100
24985,100
24990,100
24995,100
25000,100
25005,100
25010,100
25015,100
25020,100
25025,100
25030,100
25035,100
25040,100
25045,100
25050,100
25055,100
25060,100
25065,100
25070,100
25075,100
25080,100
25085,100
25090,100
25095,100
25100,100
25105,100
25110,100
25115,100
25120,100
25125,100
25130,100
25135,100
25140,100
25145,100
25150,100
25155,100
25160,100
25165,100
25170,100
25175,100
25180,100
25185,100
25190,100
25195,100
25200,100
25205,100
25210,100
25215,100
25220,100
25225,100
25230,100
25235,100
25240,100
25245,100
25250,100
25255,100
25260,100
25265,100
25270,100
25275,100
25280,100
25285,100
25290,100
25295,100
25300,100
25305,100
25310,100
25315,100
25320,100
25325,100
25330,100
25335,100
25340,100
25345,100
25350,100
25355,100
25360,100
25365,100
25370,100
25375,100
25380,100
25385,100
25390,100
25395,100
25400,100
25405,100
25410,100
25415,100
25420,100
25425,100
25430,100
25435,100
25440,100
25445,100
25450,100
25455,100
25460,100
25465,100
25470,100
25475,100
25480,100
25485,100
25490,100
25495,100
25500,100
25505,100
25510,100
25515,100
25520,100
25525,100
25530,100
25535,100
25540,100
25545,100
25550,100
25555,100
25560,100
25565,100
25570,100
25575,100
25580,100
25585,100
25590,100
25595,100
25600,100
25605,100
25610,100
25615,100
25620,100
25625,100
25630,100
25635,100
25640,100
25645,100
25650,100
25655,100
25660,100
25665,100
25670,100
25675,100
25680,100
25685,100
25690,100
25695,100
25700,100
25705,100
25710,100
25715,100
25720,100
25725,100
25730,100
25735,100
25740,100
25745,100
25750,100
25755,100
25760,100
25765,100
25770,100
25775,100
25780,100
25785,100
25790,100
25795,100
25800,100
25805,100
25810,100
25815,100
25820,100
25825,100
25830,100
25835,100
25840,100
25845,100
25850,100
25855,100
25860,100
25865,100
25870,100
25875,100
25880,100
25885,100
25890,100
25895,100
25900,100
25905,100
25910,100
25915,100
25920,100
25925,100
25930,100
25935,100
25940,100
25945,100
25950,100
25955,100
25960,100
25965,100
25970,100
25975,100
25980,100
25985,100
25990,100
25995,100
26000,100
26005,100
26010,100
26015,100
26020,100
26025,100
26030,100
26035,100
26040,100
26045,100
26050,100
26055,100
26060,100
26065,100
26070,100
26075,100
26080,100
26085,100
26090,100
26095,100
26100,100
26105,100
26110,100
26115,100
26120,100
26125,100
26130,100
26135,100
26140,100
26145,100
26150,100
26155,100
26160,100
26165,100
26170,100
26175,100
26180,100
26185,100
26190,100
26195,100
26200,100
26205,100
26210,100
26215,100
26220,100
26225,100
26230,100
26235,100
26240,100
26245,100
26250,100
26255,100
26260,100
26265,100
26270,100
26275,100
26280,100
26285,100
26290,100
26295,100
26300,100
26305,100
26310,100
26315,100
26320,100
26325,100
26330,100
26335,100
26340,100
26345,100
26350,100
26355,100
26360,100
26365,100
26370,100
26375,100
26380,100
26385,100
26390,100
26395,100
26400,100
26405,100
26410,100
26415,100
26420,100
26425,100
26430,100
26435,100
26440,100
26445,100
26450,100
26455,100
26460,100
26465,100
26470,100
26475,100
26480,100
26485,100
26490,100
26495,100
26500,100
26505,100
26510,100
26515,100
26520,100
26525,100
26530,100
26535,100
26540,100
26545,100
26550,100
26555,100
26560,100
26565,100
26570,100
26575,100
26580,100
26585,100
26590,100
26595,100
26600,100
26605,100
26610,100
26615,100
26620,100
26625,100
26630,100
26635,100
26640,100
26645,100
26650,100
26655,100
26660,100
26665,100
26670,100
26675,100
26680,100
26685,100
26690,100
26695,100
26700,100
26705,100
26710,100
26715,100
26720,100
26725,100
26730,100
26735,100
26740,100
26745,100
26750,100
26755,100
26760,100
26765,100
26770,100
26775,100
26780,100
26785,100
26790,100
26795,100
26800,100
26805,100
26810,100
26815,100
26820,100
26825,100
26830,100
26835,100
26840,100
26845,100
26850,100
26855,100
26860,100
26865,100
26870,100
26875,100
26880,100
26885,100
26890,100
26895,100
26900,100
26905,100
26910,100
26915,100
26920,100
26925,100
26930,100
26935,100
26940,100
26945,100
26950,100
26955,100
26960,100
26965,100
26970,100
26975,100
26980,100
26985,100
26990,100
26995,100
27000,100
27005,100
27010,100
27015,100
27020,100
27025,100
27030,100
27035,100
27040,100
27045,100
27050,100
27055,100
27060,100
27065,100
27070,100
27075,100
27080,100
27085,100
27090,100
27095,100
27100,100
27105,100
27110,100
27115,100
27120,100
27125,100
27130,100
27135,100
27140,100
27145,100
27150,100
27155,100
27160,100
27165,100
27170,100
27175,100
27180,100
27185,100
27190,100
27195,100
27200,100
27205,100
27210,100
27215,100
27220,100
27225,100
27230,100
27235,100
27240,100
27245,100
27250,100
27255,100
27260,100
27265,100
27270,100
27275,100
27280,100
27285,100
27290,100
27295,100
27300,100
27305,100
27310,100
27315,100
27320,100
27325,100
27330,100
27335,100
27340,100
27345,100
27350,100
27355,100
27360,100
27365,100
27370,100
27375,100
27380,100
27385,100
27390,100
27395,100
27400,100
27405,100
27410,100
27415,100
27420,100
27425,100
27430,100
27435,100
27440,100
27445,100
27450,100
27455,100
27460,100
27465,100
27470,100
27475,100
27480,100
27485,100
27490,100
27495,100
27500,100
27505,100
27510,100
27515,100
27520,100
27525,100
27530,100
27535,100
27540,100
27545,100
27550,100
27555,100
27560,100
27565,100
27570,100
27575,100
27580,100
27585,100
27590,100
27595,100
27600,100
27605,100
27610,100
27615,100
27620,100
27625,100
27630,100
27635,100
27640,100
27645,100
27650,100
27655,100
27660,100
27665,100
27670,100
27675,100
27680,100
27685,100
27690,100
27695,100
27700,100
27705,100
27710,100
27715,100
27720,100
27725,100
27730,100
27735,100
27740,100
27745,100
27750,100
27755,100
27760,100
27765,100
27770,100
27775,100
27780,100
27785,100
27790,100
27795,100
27800,100
27805,100
27810,100
27815,100
27820,100
27825,100
27830,100
27835,100
27840,100
27845,100
27850,100
27855,100
27860,100
27865,100
27870,100
27875,100
27880,100
27885,100
27890,100
27895,100
27900,100
27905,100
27910,100
27915,100
27920,100
27925,100
27930,100
27935,100
27940,100
27945,100
27950,100
27955,100
27960,100
27965,100
27970,100
27975,100
27980,100
27985,100
27990,100
27995,100
28000,100
28005,100
28010,100
28015,100
28020,100
28025,100
28030,100
28035,100
28040,100
28045,100
28050,100
28055,100
28060,100
28065,100
28070,100
28075,100
28080,100
28085,100
28090,100
28095,100
28100,100
28105,100
28110,100
28115,100
28120,100
28125,100
28130,100
28135,100
28140,100
28145,100
28150,100
28155,100
28160,100
28165,100
28170,100
28175,100
28180,100
28185,100
28190,100
28195,100
28200,100
28205,100
28210,100
28215,100
28220,100
28225,100
28230,100
28235,100
28240,100
28245,100
28250,100
28255,100
28260,100
28265,100
28270,100
28275,100
28280,100
28285,100
28290,100
28295,100
28300,100
28305,100
28310,100
28315,100
28320,100
28325,100
28330,100
28335,100
28340,100
28345,100
28350,100
28355,100
28360,100
28365,100
28370,100
28375,100
28380,100
28385,100
28390,100
28395,100
28400,100
28405,100
28410,100
28415,100
28420,100
28425,100
28430,100
28435,100
28440,100
28445,100
28450,100
28455,100
28460,100
28465,100
28470,100
28475,100
28480,100
28485,100
28490,100
28495,100
28500,100
28505,100
28510,100
28515,100
28520,100
28525,100
28530,100
28535,100
28540,100
28545,100
28550,100
28555,100
28560,100
28565,100
28570,100
28575,100
28580,100
28585,100
28590,100
28595,100
28600,100
28605,100
28610,100
28615,100
28620,100
28625,100
28630,100
28635,100
28640,100
28645,100
28650,100
28655,100
28660,100
28665,100
28670,100
28675,100
28680,100
28685,100
28690,100
28695,100
28700,100
28705,100
28710,100
28715,100
28720,100
28725,100
28730,100
28735,100
28740,100
28745,100
28750,100
28755,100
28760,100
28765,100
28770,100
28775,100
28780,100
28785,100
28790,100
28795,100
28800,100
28805,100
28810,100
28815,100
28820,100
28825,100
28830,100
28835,100
28840,100
28845,100
28850,100
28855,100
28860,100
28865,100
28870,100
28875,100
28880,100
28885,100
28890,100
28895,100
28900,100
28905,100
28910,100
28915,100
28920,100
28925,100
28930,100
28935,100
28940,100
28945,100
28950,100
28955,100
28960,100
28965,100
28970,100
28975,100
28980,100
28985,100
28990,100
28995,100
29000,100
29005,100
29010,100
29015,100
29020,100
29025,100
29030,100
29035,100
29040,100
29045,100
29050,100
29055,100
29060,100
29065,100
29070,100
29075,100
29080,100
29085,100
29090,100
29095,100
29100,100
29105,100
29110,100
29115,100
29120,100
29125,100
29130,100
29135,100
29140,100
29145,100
29150,100
29155,100
29160,100
29165,100
29170,100
29175,100
29180,100
29185,100
29190,100
29195,100
29200,100
29205,100
29210,100
29215,100
29220,100
29225,100
29230,100
29235,100
29240,100
29245,100
29250,100
29255,100
29260,100
29265,100
29270,100
29275,100
29280,100
29285,100
29290,100
29295,100
29300,100
29305,100
29310,100
29315,100
29320,100
29325,100
29330,100
29335,100
29340,100
29345,100
29350,100
29355,100
29360,100
29365,100
29370,100
29375,100
29380,100
29385,100
29390,100
29395,100
29400,100
29405,100
29410,100
29415,100
29420,100
29425,100
29430,100
29435,100
29440,100
29445,100
29450,100
29455,100
29460,100
29465,100
29470,100
29475,100
29480,100
29485,100
29490,100
29495,100
29500,100
29505,100
29510,100
29515,100
29520,100
29525,100
29530,100
29535,100
29540,100
29545,100
29550,100
29555,100
29560,100
29565,100
29570,100
29575,100
29580,100
29585,100
29590,100
29595,100
29600,100
29605,100
29610,100
29615,100
29620,100
29625,100
29630,100
29635,100
29640,100
29645,100
29650,100
29655,100
29660,100
29665,100
29670,100
29675,100
29680,100
29685,100
29690,100
29695,100
29700,100
29705,100
29710,100
29715,100
29720,100
29725,100
29730,100
29735,100
29740,100
29745,100
29750,100
29755,100
29760,100
29765,100
29770,100
29775,100
29780,100
29785,100
29790,100
29795,100
29800,100
29805,100
29810,100
29815,100
29820,100
29825,100
29830,100
29835,100
29840,100
29845,100
29850,100
29855,100
29860,100
29865,100
29870,100
29875,100
29880,100
29885,100
29890,100
29895,100
29900,100
29905,100
29910,100
29915,100
29920,100
29925,100
29930,100
29935,100
29940,100
29945,100
29950,100
29955,100
29960,100
29965,100
29970,100
29975,100
29980,100
29985,100
29990,100
29995,100
30000,100
30005,100
30010,100
30015,100
30020,100
30025,100
30030,100
30035,100
30040,100
30045,100
30050,100
30055,100
30060,100
30065,100
30070,100
30075,100
30080,100
30085,100
30090,100
30095,100
30100,100
30105,100
30110,100
30115,100
30120,100
30125,100
30130,100
30135,100
30140,100
30145,100
30150,100
30155,100
30160,100
30165,100
30170,100
30175,100
30180,100
30185,100
30190,100
30195,100
30200,100
30205,100
30210,100
30215,100
30220,100
30225,100
30230,100
30235,100
30240,100
30245,100
30250,100
30255,100
30260,100
30265,100
30270,100
30275,100
30280,100
30285,100
30290,100
30295,100
30300,100
30305,100
30310,100
30315,100
30320,100
30325,100
30330,100
30335,100
30340,100
30345,100
30350,100
30355,100
30360,100
30365,100
30370,100
30375,100
30380,100
30385,100
30390,100
30395,100
30400,100
30405,100
30410,100
30415,100
30420,100
30425,100
30430,100
30435,100
30440,100
30445,100
30450,100
30455,100
30460,100
30465,100
30470,100
30475,100
30480,100
30485,100
30490,100
30495,100
30500,100
30505,100
30510,100
30515,100
30520,100
30525,100
30530,100
30535,100
30540,100
30545,100
30550,100
30555,100
30560,100
30565,100
30570,100
30575,100
30580,100
30585,100
30590,100
30595,100
30600,100
30605,100
30610,100
30615,100
30620,100
30625,100
30630,100
30635,100
30640,100
30645,100
30650,100
30655,100
30660,100
30665,100
30670,100
30675,100
30680,100
30685,100
30690,100
30695,100
30700,100
30705,100
30710,100
30715,100
30720,100
30725,100
30730,100
30735,100
30740,100
30745,100
30750,100
30755,100
30760,100
30765,100
30770,100
30775,100
30780,100
30785,100
30790,100
30795,100
30800,100
30805,100
30810,100
30815,100
30820,100
30825,100
30830,100
30835,100
30840,100
30845,100
30850,100
30855,100
30860,100
30865,100
30870,100
30875,100
30880,100
30885,100
30890,100
30895,100
30900,100
30905,100
30910,100
30915,100
30920,100
30925,100
30930,100
30935,100
30940,100
30945,100
30950,100
30955,100
30960,100
30965,100
30970,100
30975,100
30980,100
30985,100
30990,100
30995,100
31000,100
31005,100
31010,100
31015,100
31020,100
31025,100
31030,100
31035,100
31040,100
31045,100
31050,100
31055,100
31060,100
31065,100
31070,100
31075,100
31080,100
31085,100
31090,100
31095,100
31100,100
31105,100
31110,100
31115,100
31120,100
31125,100
31130,100
31135,100
31140,100
31145,100
31150,100
31155,100
31160,100
31165,100
31170,100
31175,100
31180,100
31185,100
31190,100
31195,100
31200,100
31205,100
31210,100
31215,100
31220,100
31225,100
31230,100
31235,100
31240,100
31245,100
31250,100
31255,100
31260,100
31265,100
31270,100
